"Date","Vendor Name","Bill Number/Invoice Number","Bill Amount","Cash Paid","Online Paid ","Owner Paid","Due","Date of Purchase","Date of Bill Clear","Note/Remarks","Invoice Picture"
"21/01/2026","GOURI SANKAR ASSOCIATES ","I/25-26/068629","18211.61","18211.61","","","","21/01/2026","21/01/2026","",""
"21/01/2026","M/S PAUL & SONS ","13699","67131","17131","","50000","","21/01/2026","21/01/2026","",""
"22/01/2026","BARNWAL AGENCY","A005630","12099","12099","","","","22/01/2026","22/01/2026","",""
"22/01/2026","GOURI SANKAR ASSOCIATES","I/25-26/069031","16648","16648","","","","22/01/2026","22/01/2026","",""
"22/01/2026","GOURI SANKAR ASSOCIATES","I/25-26/069032","5458","5458","","","","22/01/2026","22/01/2026","",""
"22/01/2026","MAA KAMAKHYA ENTERPRISE","","10677","10677","","","","22/01/2026","22/01/2026","",""
"24/01/2026","GOURI SHANKAR AGENCY ","FSL413727","50672","50672","","","","24/01/2026","24/01/2026","OPENING STOCK PURCHASE",""
"24/01/2026","GOURI SHANKAR AGENCY ","HAL/25-26/05064","8772","","","8772","","24/01/2026","31/01/2026","Initial stock purchase",""
"25/01/2026","DINHATA "," ","32650","32650","","","","25/01/2026","25/01/2026","",""
"27/01/2026","APARNA ENTERPRISE ","R006907","5697","","","5697","","27/01/2026","27/01/2026","",""
"27/01/2026","P.K. ENTERPRISE ","25-26/2521","1965","","","1965","","27/01/2026","27/01/2026","UNCLE ONLINE SEND RUBEL",""
"27/01/2026","P.K. ENTERPRISE ","25-26/EVT-483","2200","2200","","","","27/01/2026","27/01/2026","",""
"27/01/2026","SANJAY SALES AGENCIES ","25-26/SSA-9159","28635","28635","","","","27/01/2026","27/01/2026","",""
"27/01/2026","SANJAY SALES AGENCIES ","25-26/SSA-9160","1295","1295","","","","27/01/2026","27/01/2026","",""
"27/01/2026","SOYETA TRADING CO  ( HINDUSTAN ALL BILLS )","GTE62768","112303","112303","","","","27/01/2026","27/01/2026","",""
"27/01/2026","SOYETA TRADING CO","GTE63150","211","211","","","","27/01/2026","27/01/2026",""," "
"28/01/2026","BIKAJI ","","4066","4066","","","","28/01/2026","28/01/2026","",""
"30/01/2026","M/S . GYANIRAM HANUMAN BUX ","GRH/25-26/7626","4175","","","4175","","30/01/2026","30/01/2026","UNCLE SEND RUBEL 5K , I BOUGHT MANY ITEM  & REMANING BALANCE RETURN TO UNCLE",""
"30/01/2026","SANJAY SALES AGENCIES ","25-26/SSA-9357","970","","","970","","30/01/2026","","",""
"31/01/2026","AALEKHYA ASSOCIATES ","A256002228","4167","4167","","","","31/01/2026","31/01/2026","",""
"31/01/2026","GOURI SANKAR ASSOCIATES","I/25-26/070747","1747","1747","","","","31/01/2026","07/02/2026","",""
"02/02/2026","GOURI SANKAR ASSOCIATES","I/25-26/071041","2396","","","2396","","02/02/2026","04/02/2026","",""
"02/02/2026","SOYETA TRADING CO","GTE65187","1198","1198","","","","02/02/2026","02/02/2026","",""
"03/02/2026","AALEKHYA ASSOCIATES ","A256002358","2203","2203","","","","03/02/2026","09/02/2026","",""
"03/02/2026","AMRITA SALES AGENCY","SIT-3645","6082","","","6082","","03/02/2026","03/02/2026","",""
"03/02/2026","GOURI SANKAR ASSOCIATES","I/25-26/071213","6222","6222","","","","03/02/2026","03/02/2026","",""
"03/03/2026","N BISWAS&CHOWDHURY","2686","3345","3345","","","","03/03/2026","03/03/2026","",""
"04/02/2026","APARNA ENTERPRISE ","R007064","1585","1585","","","","04/02/2026","04/02/2026","BAJAJ PRODUCT",""
"04/02/2026","BARNWAL AGENCY","A005835","1388","1388","","","","04/02/2026","04/02/2026","",""
"04/02/2026","BARNWAL AGENCY","A005832","903","903","","","","04/02/2026","04/02/2026","",""
"04/02/2026","P.K. ENTERPRISE ","25-26/2602","3740","","","3740","","04/02/2026","04/02/2026","UNCLE SEND RUBEL 8075",""
"04/02/2026","SANJAY SALES AGENCIES ","25-26/SSA-9469","4335","","","4335","","04/02/2026","04/02/2026","THIS PEYMENT ADD 8075",""
"05/02/2026","N. BISWAS & CHOWDHURY","2493","4434","4434","","","","05/02/2026","05/02/2026","",""
"06/02/2026","ANIL TRADERS ","AT/2242/25-26","5135","","","5135","","06/02/2026","06/02/2026","",""
"06/02/2026","MURI ","","640","640","","","","06/02/2026","06/02/2026","",""
"07/02/2026","GOURI SANKAR AGENCY  ","FSL415417","6248","6248","","","","07/02/2026","14/02/2026","",""
"07/02/2026","MAA KAMAKHYA ENTERPRISE","MKE/9458","947","947","","","","07/02/2026","07/02/2026","",""
"07/02/2026","SABITRI TRADERS ","246","1193","1193","","","","07/02/2026","07/02/2026","",""
"09/02/2026","AALEKHYA ASSOCIATES ","A256002651","2563","","","2563","","09/02/2026","10/02/2026","",""
"09/02/2026","GOURI SANKAR ASSOCIATES","I/25-26/072586","393","393","","","","09/02/2026","16/02/2026","",""
"09/02/2026","NEW ICE BAR","GST/25-26/14144","11226","","","11226","","09/02/2026","09/02/2026","",""
"09/02/2026","SANJAY SALES AGENCIES ","225-26/SSA-9629","8190","8190","","","","09/02/2026","09/02/2026","",""
"09/02/2026","SOYETA TRADING CO","GTE67900","1346","1346","","","","09/02/2026","09/02/2026","",""
"10/02/2026","AMRITA SALES AGENCY","SIT-3734","3863","","","3863","","10/02/2026","10/02/2026","",""
"10/02/2026","JOYGURU ENTERPRISE","","1362","1362","","","","10/02/2026","10/02/2026","",""
"11/02/2026","SUTRADHAR EXPORT & IMPORT","402","1256","1256","","","","11/02/2026","11/02/2026","",""
"12/02/2026","SOYETA TRADING CO","GTE69088","3313","3313","","","","12/02/2026","12/02/2026","",""
"13/02/2026","SANJAY SALES AGENCIES ","225-26/SSA-9840","6814","","","6814","","13/02/2026","13/02/2026","UNCLE SEND RUBEL 7000",""
"14/02/2026","BARNWAL AGENCY","A005993","902","902","","","","14/02/2026","14/02/2026","",""
"14/02/2026","GOURI SANKAR  AGENCY ","FSL416263","6118","6118","","","","14/02/2026","21/02/2026","",""
"14/02/2026","GOURI SANKAR AGENCY  ","HAL/25-26/05427","1647","","","1647","","14/02/2026","21/02/2026","",""
"16/02/2026","AALEKHYA ASSOCIATES ","A256002995","2491","2491","","","","16/02/2026","23/02/2026","",""
"16/02/2026","BARNWAL AGENCY","A005999","1060","1060","","","","16/02/2026","16/02/2026","",""
"16/02/2026","BARNWAL AGENCY","A006000","1806","1806","","","","16/02/2026","16/02/2026","",""
"16/02/2026","M/S. AKS AGENCY ","4811","5110","5110","","","","16/02/2026","16/02/2026","",""
"16/02/2026","SOYETA TRADING CO","GTE73925","997","997","","","","16/02/2026","16/02/2026","",""
"17/02/2026","AMRITA SALES AGENCY","SIT-3810","4202","","","4202","","17/02/2026","17/02/2026","UNCLE SEND RUBEL 6000",""
"17/02/2026","GOURI SANKAR ASSOCIATES","I/25-26/074401","2709","2709","","","","17/02/2026","17/02/2026","",""
"17/02/2026","N. BISWAS & CHOWDHURY","2569","4322","4322","","","","17/02/2026","17/02/2026","",""
"17/02/2026","COOCH BEHAR BAZAAR  ( KELLOGGS)","","2400","","","2400","","17/02/2026","17/02/2026","",""
"18/02/2026","KOLKATA DAL ","","32084","","","32084","","18/02/2026","18/02/2026","",""
"18/02/2026","KOLKATA MASALA ","","45530","","","45530","","18/02/2026","18/02/2026","",""
"18/02/2026","M/S . THAKUR TRADERS ","158","4720","","","4720","","18/02/2026","18/02/2026","",""
"18/02/2026","SUPER STORE BY NYKAA","NYD005880000","4928","","","4928","","18/02/2026","18/02/2026","",""
"19/02/2026","KOLKATA KHEJUR","","2480","","","2480","","19/02/2026","19/02/2026","",""
"19/02/2026","SAHA AGENCY ","9955","771","771","","","","19/02/2026","19/02/2026","",""
"19/02/2026","SOYETA TRADING CO","GTE77675","542","542","","","","19/02/2026","19/02/2026","",""
"21/01/2026","GOURI SANKAR ASSOCIATES","I/25-26/068629","18759","18759","","","","21/01/2026","21/02/2026","",""
"21/02/2026","GOURI SHANKAR AGENCY ","FSL417059","1626","1626","","","","21/02/2026","28/02/2026","",""
"21/02/2026","N. BISWAS & CHOWDHURY","2604","2029","","","2029","","21/02/2026","21/02/2026","UNCLE SEND RUBEL 3000",""
"22/02/2026","SAHA AGENCY ( COCA-COLA)","","13835","","","13835","","22/02/2026","22/02/2026","",""
"23/02/2026","AALEKHYA ASSOCIATES ","A256003347","1713","1713","","","","23/02/2026","02/03/2026","",""
"23/02/2026","BEKARI ITEMS","","1260","1260","","","","23/02/2026","23/02/2026","",""
"23/02/2026","GOURI SANKAR ASSOCIATES","I/25-26/075872","1423","1423","","","","23/02/2026","02/03/2026","",""
"23/02/2026","COOCH BEHAR BAZAAR  ","","7475","","","7500","","23/02/2026","23/02/2026","",""
"23/02/2026","SOYETA TRADING CO","GTE79072","830","830","","","","23/02/2026","24/02/2026","",""
"24/02/2026","AMRITA SALES AGENCY","SIT-3903","311","311","","","","24/02/2026","24/02/2026","",""
"24/02/2026","APARNA AGENCY ","R003223","1706","","","1706","","24/02/2026","24/02/2026","",""
"24/02/2026","APARNA ENTERPRISE ","R007580","696","","","696","","24/02/2026","24/02/2026","",""
"24/02/2026","NEW ICE BAR","GST/25-26/14411","956","","","956","","24/02/2026","24/02/2026","",""
"24/02/2026","NYKAA E- RETAIL LIMITED","NYD005924403","3276","","","3276","","24/02/2026","27/02/2026","",""
"24/02/2026","PRAN","","1496","","","1496","","24/02/2026","24/02/2026","",""
"24/02/2026","PROBHUJI ","","1770","1770","","","","24/02/2026","24/02/2026","",""
"24/02/2026","SAMRAT GUPTA CHAUDHURY","A000512","2100","","","2100","","24/02/2026","24/02/2026","",""
"24/02/2026","SUTRADHAR EXPORT & IMPORT","430","1115","1115","","","","24/02/2026","24/02/2026","",""
"25/02/2026","BARNWAL AGENCY","A006177","4572","4572","","","","25/02/2026","25/02/2026","",""
"25/02/2026","BEKARI ITEMS","","233","233","","","","25/02/2026","25/02/2026","",""
"25/02/2026","PROBHUJI ","","141","141","","","","25/02/2026","25/02/2026","",""
"26/02/2026","SANJAY SALES AGENCIES ","25-26/SSA-10110","3514","514","","3000","","26/02/2026","26/02/2026","",""
"26/02/2026","SOYETA TRADING CO","GTE80409","3346","","","3346","","26/02/2026","27/02/2026","",""
"27/02/2026","BEKARI ITEMS","1","611","611","","","","27/02/2026","27/02/2026","",""
"27/02/2026","BEKARI ITEMS","2","1410","1410","","","","27/02/2026","27/02/2026","",""
"28/02/2026","SAMRAT GUPTA CHAUDHURY","A000517","330","330","","","","28/02/2026","28/02/2026","",""
"02/03/2026","GOURI SHANKAR AGENCY ","FSL417853","2026","2026","","","","02/03/2026","07/03/2026","",""
"02/03/2026","SAHA AGENCY ( COCA-COLA)","27024","826","826","","","","02/03/2026","02/03/2026","",""
"02/03/2026","SANJAY SALES AGENCIES ","25-26/SSA-10246","6292","","","6292","","02/03/2026","02/03/2026","",""
"03/03/2026","AALEKHAYA ASSOCIATES ","A256003720","2981","2981","","","","03/03/2026","09/03/2026","",""
"03/03/2026","GOURI SANKAR ASSOCIATES ","I/25-26/077383","687","687","","","","03/03/2026","09/03/2026","",""
"05/03/2026","GOURI SANKAR ASSOCIATES ","I/25-26/077101","1666","1666","","","","05/03/2026","07/03/2026","",""
"05/03/2026","SABITRI TRADERS ","266","1442","1442","","","","05/03/2026","05/03/2026","",""
"05/03/2026","SOYETA TRADING CO","GTE81566","780","780","","","","05/03/2026","05/03/2026","",""
"06/03/2026","BARNWAL AGENCY","A006329","6065","6065","","","","06/03/2026","06/03/2026","",""
"06/03/2026","COOCH BEHAR BAZAAR  (GHEE,PAPAR, KASONTI)","165656","3765","3765","","","","06/03/2026","06/03/2026","",""
"06/03/2026","PRAN ","6/3","709","709","","","","06/03/2026","06/03/2026","",""
"06/03/2026","SARADA SALES ","KEL/24-25/12277","2533","825","","1708","","06/03/2026","06/03/2026","",""
"06/03/2026","SUTRADHAR EXPORT & IMPORT","455","714","714","","","","06/03/2026","06/03/2026","",""
"07/03/2026","JOYGURU ENTERPRISE","7/3","640","640","","","","07/03/2026","07/03/2026","",""
"07/03/2026","SANJAY SALES AGENCIES ","25-26/SSA-10433","6801","6801","","","","07/03/2026","07/03/2026","",""
"07/03/2026","MAA KAMAKHYA ENTERPRISE","MKE/10544","4072","","","4072","","07/03/2026","07/03/2026","",""
"07/03/2026","COOCH BEHAR BAZAAR  (MURI,OIL,DIM)","121","5780","1780","","4000","","07/03/2026","07/03/2026","",""
"09/03/2026","GOURI SHANKAR AGENCY ","FSL418606","2188","2188","","","","09/03/2026","14/03/2026","",""
"09/03/2026","  COCH BHAR BAZAAR (TEZZ PATA, CHALER GURA)","","950","950","","","","09/03/2026","09/03/2026","",""
"09/03/2026","PAUL & SONS","15710","2230","2230","","","","09/03/2026","09/03/2026","",""
"09/03/2026","SANJAY SALES AGENCIES ","25-26/SSA-10494","721","721","","","","09/03/2026","09/03/2026","",""
"10/03/2026","AALEKHAYA ASSOCIATES ","A256004010","2949","2949","","","","10/03/2026","16/03/2026","",""
"10/03/2026","ANIL TRADERS ","AT/2480/25-26","1384","1384","","","","10/03/2026","10/03/2026","",""
"10/03/2026","GOURI SANKAR ASSOCIATES","I/25-26/078751","1424","1424","","","","10/03/2026","16/03/2026","",""
"10/03/2026","JOYGURU ENTERPRISE","10/3","291","291","","","","10/03/2026","10/03/2026","",""
"10/03/2026","SOYETA TRADING CO","GTE83880","4633","","","4633","","10/03/2026","10/03/2026","",""
"12/03/2026","NEW ICE BAR","GST/25-26/14964","2619","2619","","","","12/03/2026","12/03/2026","",""
"12/03/2026","SANJAY SALES AGENCIES ","25-26/SSA-10611","660","660","","","","12/03/2026","12/03/2026","",""
"13/03/2026","BARNWAL AGENCY","A006474","7608","7608","","","","13/03/2026","13/03/2026","",""
"13/03/2026","COOCH BEHAR BAZAAR  (CLING FILM,ALUMINIUM FOIL )","21","1332","","","1332","","13/03/2026","13/03/2026","",""
"13/03/2026","NYKAA E - RETAIL LIMITED ( SUPER STORE )","NYK-339039540-4175723-1","2275","","","2275","","13/03/2026","13/03/2026","",""
"14/03/2026","GOURI SHANKAR AGENCY  ","FSL419381","1156","1156","","","","14/03/2026","28/03/2026","",""
"14/03/2026","COOCH BEHAR BAZAAR  (DIM, SUGAR)","111","3180","3180","","","","14/03/2026","14/03/2026","",""
"16/03/2026","AALEKHYA ASSOCIATES ","A256004372","969","969","","","","16/03/2026","23/03/2026","",""
"16/03/2026","JOYGURU ENTERPRISE","4816/3","267","267","","","","16/03/2026","16/03/2026","",""
"16/03/2026","N BISWAS&CHOWDHURY","2778","2562","2562","","","","16/03/2026","17/03/2026","",""
"16/03/2026","SOYETA TRADING CO","GTE88742","1330","1330","","","","16/03/2026","17/03/2026","",""
"18/03/2026","APRNA ENTERPRISE","R007999","746","746","","","","18/03/2026","18/03/2026","",""
"18/03/2026","GOURI SANKAR ASSOCIATES","I/25-26/080512","2475.35","2475","","","","18/03/2026","23/03/2026","",""
"18/03/2026","M/S BASAK ENTERPRISE ","A003063","4131","4131","","","","18/03/2026","18/03/2026","",""
"18/03/2026","COOCH BEHAR BAZAAR (LOTTE CHOCO)","","360","360","","","","18/03/2026","18/03/2026","",""
"18/03/2026","PRAN","","1066","1066","","","","18/03/2026","18/03/2026","",""
"20/03/2026","SAHA AGENCY ","28339","1542","1542","","","","20/03/2026","20/03/2026","",""
"20/03/2026","SOYETA TRADING CO","GTE931880","694","694","","","","20/03/2026","20/03/2026","",""
"23/03/2026","MAA KAMAKHYA ENTERPRISE","MKE/10877","875","875","","","","23/03/2026","23/03/2026","",""
"23/03/2026","COOCH BEHAR BAZAAR  ( MURI)","","620","620","","","","23/03/2026","23/03/2026","",""
"23/03/2026","SANJAY SALES AGENCIES ","25-26/SSA-10922","8010","8010","","","","23/03/2026","23/03/2026","",""
"23/03/2026","AALEKHYA ASSOCIATES ","A256004700","1369","1369","","","","23/03/2026","30/03/2026","",""
"24/03/2026","GOURI SANKAR ASSOCIATES","I/25-26/082244","326","326","","","","24/03/2026","24/03/2026","",""
"24/03/2026","SOYETA TRADING CO","GTE94442","1300","1300","","","","24/03/2026","24/03/2026","",""
"25/03/2026","COOCH BEHAR BAZAAR  (WIPER,,POCHA)","1336","1890","1890","","","","25/03/2026","25/03/2026","",""
"25/03/2026","COOCH BEHAR BAZAAR  (SHAVES BLADE)","","240","240","","","","25/03/2026","25/03/2026","",""
"26/03/2026","JOYGURU ENTERPRISE","4726 /3","909","909","","","","26/03/2026","26/03/2026","",""
"26/03/2026","COOCH BEHAR BAZAAR  (GHEE,PICKLE,KASONDI)","32","1735","1735","","","","26/03/2026","26/03/2026","",""
"26/03/2026","COOCH BEHAR BAZAAR  ( OIL, DIM, ANMOL DREMLITE)","","3285","3285","","","","26/03/2026","26/03/2026","",""
"27/03/2026","NYKAA SUPER STORE","NYD006111118","2319","2319","","","","27/03/2026","27/03/2026","",""
"27/03/2026","SUTRADHAR EXPORT & IMPORT","499","749","749","","","","27/03/2026","27/03/2026","",""
"28/03/2026","SANJAY SALES AGENCIES ","25-26/SSA-11243","4053","4053","","","","28/03/2026","28/03/2026","",""
"28/03/2026","SUTRADHAR EXPORT & IMPORT","501","405","405","","","","28/03/2026","28/03/0202","",""
"30/03/2026","GOURI SANKAR ASSOCIATES","I/25-26/083484","853","853","","","","30/03/2026","30/03/2026","",""
"30/03/2026","GOURI SHANKAR AGENCY","FSL420868","1180","1180","","","","30/03/2026","30/03/2026","",""
"30/03/2026","COOCH BEHAR BAZAAR   (AMUL DAHI,PANEER)","","1031","1031","","","","30/03/2026","30/03/2026","",""
"30/03/2026","PRAN","63","474","474","","","","30/03/2026","30/03/2026","",""
"31/03/2026","GOURI SHNKAR ASSOCIATES","I/25-26/083720","560","560","","","","31/03/2026","31/03/2026","",""
"31/03/2026","COOCH BEHAR BAZAAR   (NAKUL DANA ,BATASHA,COCO NUT OIL) ","","775","775","","","","31/03/2026","31/03/2026","",""
"31/03/2026","COOCH BEHAR BAZAAR   (OIL)","","5540","5540","","","","31/03/2026","31/03/2026","",""
"31/03/2026","PAUL & SONS","16388","1440","1440","","","","31/03/2026","31/03/2026","",""
"31/03/2026","SANJAY SALES AGENCIES ","25-26/CV-1228","2550","2550","","","","31/03/2026","31/03/2026","",""
"31/03/2026","SOYETA TRADING CO","GTE96622","1771","1771","","","","31/03/2026","31/03/2026","",""
"01/04/2026","NYKAA E - RETAIL LIMITED ( SUPER STORE )","NYK-342701744-1434159-1","3531","","","3531","","01/04/2026","01/04/2026","",""
"02/04/2026","COOCH BEHAR BAZAAR (KELLOGG`S) ","48","2401","2401","","","","02/04/2026","02/04/2026","",""
"02/04/2026","COOCH BEHAR BAZAAR  (DASBIN PLASTIC)","","240","240","","","","02/04/2026","02/04/2026","",""
"02/04/2026","COOCH BEHAR BAZAAR (RICE)","","6880","","","6880","","02/04/2026","02/04/2026","",""
"04/03/2026","SHILPI FOOD AND SPICES MEESHO TOYS ","","9132","","","9132","","04/03/2026","27/03/2026","",""
"02/04/2026","SOYETA TRADING CO","GTE97330","815","815","","","","02/04/2026","03/04/2026","",""
"03/04/2026","SUTRADHAR EXPORT & IMPORT","519","699","699","","","","03/04/2026","03/04/2026","",""
"04/04/2026","COOCH BEHAR BAZAAR (MURI, DIM)","","940","940","","","","04/04/2026","04/04/2026","",""
"04/04/2026","SUTRADHAR EXPORT & IMPORT","592","235","235","","","","04/04/2026","04/04/2026","",""
"03/04/2026","SANJAY SALES AGENCIES ","26-27/SSA-141","1492","1492","","","","03/04/2026","04/04/2026","",""
"03/04/2026","SANJAY SALES AGENCIES ","26-27/SSA-142","1053","1053","","","","03/04/2026","04/04/2026","",""
"06/04/2026","GOURI SHANKAR AGENCY ","FSL421784","4043","","","4043","","06/04/2026","11/04/2026","",""
"06/04/2026","JOYGURU ENTERPRISE","6/26","1295","1295","","","","06/04/2026","06/04/0206","",""
"07/04/2026","P G ENTERPRISE","","204","204","","","","07/04/2026","07/04/2026","",""
"07/04/2026","N. BISWAS & CHOWDHURY","38","3682","3682","","","","07/04/2026","07/04/2026","",""
"07/04/2026","SOYETA TRADING CO","GTE98811","901","901","","","","07/04/2026","07/04/2026","",""
"07/04/2026","SOYETA TRADING CO","GTE98803","978","978","","","","07/04/2026","07/04/2026","",""
"07/04/2026","COOCH BEHAR BAZAAR","50","1260","1260","","","","07/04/2026","07/04/2026","",""
"07/04/2026","AALEKHYA ASSOCIATES ","A260000287","3044","3044","","","","07/04/2026","13/04/2026","",""
"07/04/2026","GOURI SANKAR AGENCY  ","HAL/26-27/00085","2425","2425","","","","07/04/2026","11/04/2026","",""
"07/04/2026","AMRITA SALES AGENCY","SIT-62","2742","2742","","","","07/04/2026","07/04/2026","",""
"08/04/2026","P G ENTERPRISE","577","429","429","","","","08/04/2026","08/04/2026","",""
"08/04/2026","COOCH BEHAR BAZAAR( SUGAR FREE+EVEREDAY)","","905","905","","","","08/04/2026","08/04/2026","",""
"08/04/2026","COOCH BEHAR BAZAAR(PAPAR)","","1485","1485","","","","08/04/2026","08/04/2026","",""
"08/04/2026","COOCH BEHAR BAZZAR(SATU+SALONI+GARLIK JINJAR PAST)","","3640","3640","","","","08/04/2026","08/04/2026","",""
"08/04/2026","SANJAY SALES AGENCIES ","26-27/SSA-256","1975","1975","","","","08/04/2026","08/04/2026","",""
"08/04/2026","SUTRADHAR EXPORT&IMPORT","599","235","235","","","","08/04/2026","08/04/2026","",""
"08/04/2026","GOURI SANKAR ASSOCIATES","I/26-27/001710","1950","1950","","","","08/04/2026","13/04/2026","",""
"09/04/2026","APARNA ENTERPRISE ","R000229","700","700","","","","09/04/2026","19/05/2026","",""
"09/04/2026","NEW ICE BAR","I.B/26-27/544","2306","2306","","","","09/04/2026","09/04/2026","",""
"10/04/2026","SAHA  AGENCY","30272","5390","5390","","","","10/04/2026","10/04/2026","",""
"10/04/2026","BARNWAL AGENCY","","3353","3353","","","","10/04/2026","10/04/2026","",""
"10/04/0206","COOCH BEHAR BAZAAR (OIL)","","4320","4320","","","","10/04/0206","10/04/2026","",""
"10/04/2026","GOURI SANKAR ASSOCIATES","I/26-27/001997","3400","3400","","","","10/04/2026","14/04/2026","",""
"10/04/2026","PAL SALES AGENCY","P/2627/SI/98","4246","3046","","1200","","10/04/2026","11/04/2026","",""
"11/04/2026","P G ENTERPRISE","771","654","654","","","","11/04/2026","11/04/2026","",""
"11/04/2026","COOCH BEHAR  BAZAAR ( OIL+EGG+NAKULDANA+BISCUITS)","","3986","","","3986","","11/04/2026","11/04/2026","",""
"12/04/2026","P G ENTERPRISE","835","123","123","","","","12/04/2026","13/04/2026","AMUL DAILY MILK",""
"13/04/2026","P G ENTERPRISE","898","253","253","","","","13/04/2026","13/04/2026","AMUL DAILY MILK",""
"13/04/2026","AALEKHYA ASSOCIATES ","A260000633","5435","5435","","","","13/04/2026","20/04/2026","",""
"13/04/2026","GOURI SHANKAR AGENCY","FSL422575","3977","3977","","","","13/04/2026","18/04/2026","",""
"13/04/2026","SOYETA TRADING CO ","","1200","1200","","","","13/04/2026","13/04/2026","",""
"14/04/2026","P G ENTERPRISE","930","547","547","","","","14/04/2026","14/04/2026","",""
"14/04/26","SOYETA TRADING CO ","GTF01297","485","485","","","","14/04/26","14/04/2026","",""
"15/04/2026","GOURI SANKAR ASSOCIATES","I/26-27/003383","959","959","","","","15/04/2026","18/04/2026","",""
"15/04/2026","GOURI SANKAR ASSOCIATES","I/26-27/003715","342","342","","","","15/04/2026","20/04/2026","",""
"15/04/2026","M/S GOPI CHAND AGENCY","UC2600189","793","793","","","","15/04/2026","17/04/2026","",""
"15/04/2026","NYKAA E - RETAIL LIMITED ( SUPER STORE )","NYK-345800648-8705518-1","2282","2282","","","","15/04/2026","15/04/2026","",""
"16/04/2026","P G ENTERPRISE","1098","893","893","","","","16/04/2026","17/04/2026","",""
"16/04/2026","APARNA ENTERPRISE ","R000393","387","387","","","","16/04/2026","27/04/2026","",""
"16/04/2026","PRAN","","1708","1708","","","","16/04/2026","16/04/2026","",""
"16/04/2026","COOCH BEHAR BAZZAR(JHARU)","","438","438","","","","16/04/2026","17/04/2026","",""
"17/04/2026","COOCH BEHAR BAZAAR( DIM)","","360","360","","","","17/04/2026","17/04/2026","",""
"18/04/2026","P G ENTERPRISE","1241","297","297","","","","18/04/2026","18/04/2026","",""
"18/04/2026","COOCH BEHAR BAZAAR(GILLET GUARD)","","1232","1232","","","","18/04/2026","18/04/2026","",""
"18/04/2026","SARADA FOOD MART","SCP/26-27/494","2549","2549","","","","18/04/2026","22/04/2026","",""
"18/04/2026","COOCH BEHAR BAZAAR ( GHEE, CHANA)","63","5468","5468","","","","18/04/2026","18/04/2026","",""
"18/04/2026","NABHO BAZAAR ","","3005","","","3005","","18/04/2026","18/04/2026","",""
"19/04/2026","P G ENTERPRISE","1320","92","92","","","","19/04/2026","19/04/2026","",""
"20/04/2026","P G ENTERPRISE","1353","86","86","","","","20/04/2026","20/04/2026","",""
"20/04/2026","N BISWAS&CHOWDHURY","164","3214","3214","","","","20/04/2026","22/04/2026","",""
"20/04/2026","COOCH BEHAR BAZAAR (RICE)","","18150","","","18150","","20/04/2026","20/04/2026","",""
"20/04/2026","GOURI SANKAR AGENCY  ","FSL423378","748","","","748","","20/04/2026","25/04/2026","",""
"21/04/2026","SOYETA TRADING CO","GTE05975","560","560","","","","21/04/2026","21/04/2026","",""
"21/04/2026","SOYETA TRADING CO","GTF05976","1001","1001","","","","21/04/2026","21/04/2026","",""
"21/04/2026","JOYGURU ENTERPRISE","27","602","602","","","","21/04/2026","21/04/2026","",""
"21/04/2026","COOCH BEHAR BAZAAR (ONLINE PRODUCT)","","2060","","","2026","","21/04/2026","21/04/2026","",""
"21/04/2026","AALEKHYA ASSOCIATES ","A260000955","2026","2026","","","","21/04/2026","27/04/2026","",""
"21/04/2026","AMRITA SALES AGENCY","SIT-220","632","632","","","","21/04/2026","21/04/2026","",""
"22/04/2026","COOCH BEHAR BAZAAR (ONLINE PRODUCT)","","4601","","","4601","","22/04/2026","22/04/2026","",""
"24/04/2026","P G ENTERPRISE","1540","656","656","","","","24/04/2026","24/04/2026","",""
"24/04/2026","COOCH BEHAR BAZAAR (ONLINE PRODUCT)","","633","","","633","","24/04/2026","24/04/2026","",""
"24/04/2026","NEW ICE BAR","I.B/26-27/1454","2446","","","2446","","24/04/2026","24/04/2026","",""
"24/04/2026","ANIL TRADERS ","AT/0130/26-27","337","337","","","","24/04/2026","24/04/2026","",""
"24/04/2026","COOCH BEHAR BAZAAR(MURI,DIM,AMUL,MISRI)","","4619","4619","","","","24/04/2026","24/04/2026","",""
"24/04/2026","COOCH BEHAR BAZAAR(SATTO)","","1400","1400","","","","24/04/2026","24/04/2026","",""
"25/04/2026","SOYETA TRADING CO ","28","4549","4549","","","","25/04/2026","25/04/2026","",""
"25/04/2026","P G ENTERPRISE","1590","291","291","","","","25/04/2026","25/04/2026","",""
"25/04/2026","SARADA FOOD MART","SCP/26-27/717","720","720","","","","25/04/2026","29/04/2026","",""
"25/04/2026","SUTRADHAR EXPORT& IMPORT","560","967","967","","","","25/04/2026","25/04/2026","",""
"25/04/2026","COOCH BEHAR BAZAAR ( ONLINE PRODUT)","","1353","","","1353","","25/04/2026","25/04/2026","",""
"26/04/2026","M/S BASAK ENTERPRISE","A000244","1560","1560","","","","26/04/2026","26/04/2026","",""
"27/04/2026","P G ENTERPRISE","1791","767","767","","","","27/04/2026","27/04/2026","",""
"27/04/2026","COOCH BEHAR BAZAAR (MOTHER`S PICKEL , GINGAR GARLIK PAST)","","638","638","","","","27/04/2026","27/04/2026","",""
"27/04/2026","GOURI SHANKAR AGENCY","FSL424171","1589","1589","","","","27/04/2026","02/05/2026","",""
"27/04/2026","SUTRADHAR EXPORT & IMPORT","331","235","235","","","","27/04/2026","27/04/2026","",""
"27/04/2026","COOCH BEHAR BAZAAR (ONLINE PRODUCT)","","164","","","164","","27/04/2026","27/04/2026","",""
"27/04/2026","COOCH BEHAR BAZAAR (ALO FRUT)","","980","980","","","","27/04/2026","27/04/2026","",""
"27/04/2026","COOCH BEHAR BAZAAR ( DIM)","","360","360","","","","27/04/2026","27/04/2026","",""
"27/04/2026","SHILPI FOOD AND SPICES ","","2436","","","2436","","27/04/2026","27/04/2026","",""
"28/04/2026","P G ENTERPRISE","1173","204","204","","","","28/04/2026","28/04/2026","",""
"28/04/2026","SOYETA TRADING CO.","GTF08272","873","873","","","","28/04/2026","28/04/2026","",""
"28/04/2026","GOURI SANKAR ASSOCIATES ","I/26-27/006991","495","495","","","","28/04/2026","04/05/2026","",""
"28/04/2026","SAHA  AGENCY","32040","3458","3458","","","","28/04/2026","28/04/2026","",""
"28/04/2026","GOURI SANKAR ASSOCIATES","I/26-27/006696","638","638","","","","28/04/2026","09/05/2026","",""
"28/04/2026","JOYGURU ENTERPRISE","81","688","688","","","","28/04/2026","28/04/2026","",""
"28/04/2026","AALEKHAYA ASSOCIATES ","A260001251","2078","2078","","","","28/04/2026","04/05/2026","",""
"29/04/2026","P G ENTERPRISE","1847","276","276","","","","29/04/2026","29/04/2026","",""
"29/04/2026","P.K. ENTERPRISE","26-27/227","4397","","","4397","","29/04/2026","29/04/2026","",""
"29/04/2026","COOCH BEHAR BAZAAR","","5380","","","5380","","29/04/2026","29/04/2026","",""
"29/04/2026","PRAN","59","1122","899","","223","","29/04/2026","29/04/2026","",""
"29/04/2026","SANAJAY SALES AGENCIES","26-27/SSA-803","1793","1793","","","","29/04/2026","29/04/2026","",""
"29/04/2026","COOCH BEHAR BAZAAR(KALA JERA, PAPAD)","57","910","910","","","","29/04/2026","29/04/2026","",""
"29/04/2026","COOCH BEHAR BAZAAR (DIM)","","360","360","","","","29/04/2026","29/04/2026","",""
"30/04/2026","P G ENTERPRISE","1918","895","895","","","","30/04/2026","30/04/2026","",""
"30/04/2026","COOCH BEHAR BAZAAR ( AMUL MILK )","17","4250","","","4250","","30/04/2026","30/04/2026","",""
"30/04/2026","SARADA FOOD MART","SCP/26-27/962","1569","1569","","","","30/04/2026","06/05/2026","",""
"01/05/2026","P G ENTERPRISE","1982","316","316","","","","01/05/2026","01/05/2026","",""
"01/05/2026","COOCH BEHAR ( TATA GLUCO)","","190","190","","","","01/05/2026","01/05/2026","",""
"01/05/2026","SUTRADHAR EXPORT &  IMPORT","574","1450","1450","","","","01/05/2026","01/05/2026","",""
"01/05/2026","COOCH BEHAR BAZAAR ( MURI)","","750","750","","","","01/05/2026","01/05/2026","",""
"01/05/2026","PAUL & SONS","1466","1464","1464","","","","01/05/2026","01/05/2026","",""
"02/05/2026","P G ENTERPRISE","2357","61.5","61.5","","","","02/05/2026","05/05/2026","",""
"02/05/2026","SHILPI FOOD AND SPICES ","","4213","","","4213","","02/05/2026","02/05/2026","",""
"02/05/2026","SOYETA TRADING CO","GTF09459","2532","2532","","","","02/05/2026","02/05/2026","",""
"02/05/2026","COOCH BEHAR BAZAAR ( VINEGAR,RAFFELO,PAPAD,OIL,CHIA SEED)","","5195","5195","","","","02/05/2026","02/05/2026","",""
"02/05/2026","SUTRADHAR EXPORT & IMPORT","268","315","315","","","","02/05/2026","02/05/2026","",""
"03/05/2026","COOCH BEHAR BAZAAR ( VICKS INHALER )","","320","320","","","","03/05/2026","03/05/2026","",""
"04/05/2026","GOURI SHANKAR AGENCY","FSL425025","4881","4881","","","","04/05/2026","09/05/2026","",""
"04/05/2026","GOURI SANKAR AGENCY  ","HAL/26-27/00571","2462","2462","","","","04/05/2026","09/05/2026","",""
"03/05/2026","SHILPI FOOD AND SPICES","","1206","","","1206","","03/05/2026","03/05/2026","",""
"04/05/2026","SHILPI FOOD AND SPICES","","525","","","525","","04/05/2026","04/05/2026","",""
"05/05/2026","P G ENTERPRISE","2240","392","392","","","","05/05/2026","05/05/2026","",""
"05/05/2026","COOCH BEHAR BAZAAR ( OIL, DIM)","","7496","7496","","","","05/05/2026","05/05/2026","",""
"05/05/2026","PAUL & SONS","1583","720","720","","","","05/05/2026","05/05/2026","",""
"05/05/2026","SANJAY SALES AGENCIES","26-27/SSA-975","445","445","","","","05/05/2026","05/05/2026","",""
"05/05/2026","NABHO BAZAAR ","","586","","","586","","05/05/2026","05/05/2026","",""
"05/05/2026","AALEKHYA ASSOCIATES ","A260001619","1206","1206","","","","05/05/2026","11/05/2026","",""
"05/05/2026","COOCH BEHAR BAZAAR ( AMUL DUDH, BATAR,CHEESE)","","1719","1719","","","","05/05/2026","05/05/2026","",""
"06/05/2026","P G ENTERPRISE","2325","92","92","","","","06/05/2026","06/05/2026","",""
"06/05/2026","GOURI SANKAR ASSOCIATES ","I/26-27/008556","2939","2939","","","","06/05/2026","11/05/2026","",""
"06/05/2026","SOYETA TRADING CO ","GTF11125","5018","5018","","","","06/05/2026","06/05/2026","",""
"06/05/2026","COOCH BEHAR BAZAAR ( ONLINE PRODUT)","","805","","","805","","06/05/2026","06/05/2026","",""
"06/05/2026","NYKAA E - RETAIL LIMITED ( SUPER STORE )","NYK-350381867-1306622-1","6271","","","6271","","06/05/2026","06/05/2026","",""
"07/05/2026","P G ENTERPRISE","2386","203","203","","","","07/05/2026","07/05/2026","",""
"07/05/2026","NEW ICE BAR","IB/26-27/2121","4020","4020","","","","07/05/2026","07/05/2026","",""
"07/05/2026","GOURI SANKAR ASSOCIATES ","I/26-27/008759","3621","3621","","","","07/05/2026","12/05/2026","",""
"07/05/2026","GOURI SANKAR ASSOCIATES ","I/26-27/008755","454","454","","","","07/05/2026","07/05/2026","",""
"07/05/2026","COOCH BEHAR BAZAAR (ONLINE PRODUCT)","","852","","","852","","07/05/2026","07/05/2026","",""
"07/05/2026","COOCH BEHAR BAZAAR ( DIM ,NAKUL DANA, BATASHA,KISMIS)","","970","970","","","","07/05/2026","07/05/0206","",""
"08/05/2026","P G ENTERPRISE","2517","217","217","","","","08/05/2026","08/05/2026","",""
"08/05/2026","COOCH BEHAR BAZAAR ( ONLINE PRODUT)","","943","","","943","","08/05/2026","08/05/2026","",""
"08/05/2026","SARADA FOOD MART","SCP/26-27/1210","1428","1428","","","","08/05/2026","13/05/2026","",""
"08/05/2026","AMBO RETAIL INDIA LIMITED ","24461","460","460","","","","08/05/2026","08/05/2026","",""
"08/05/2026","COOCH BEHAR BAZAAR ( AMUL KOOL, KAJU KATRI ,TRU )","","1404","1404","","","","08/05/2026","08/05/2026","",""
"08/05/2026","SUTRADHAR EXPORT&IMPORT","583","725","725","","","","08/05/2026","08/05/2026","",""
"09/05/2026","SOYETA TRADING CO","GTF12330","797","797","","","","09/05/2026","09/05/2026","",""
"09/05/2026","COOCH BEHAR BAZAAR ( ONLINE PRODUT)","","405","","","405","","09/05/2026","09/05/2026","",""
"09/05/2026","COOCH BEHAR BAZAAR ( DIM,MURI)","","1000","1000","","","","09/05/2026","09/05/2026","",""
"11/05/2026","SOYETA TRADAES CO","","3273","3273","","","","11/05/2026","11/05/2026","",""
"11/05/2026","GOURI SHANKAR AGENCY","FSL425917","6869","","","6869","","11/05/2026","16/05/2026","",""
"11/05/2026","SAHA AGENCY ","333160","990","990","","","","11/05/2026","11/05/2026","",""
"11/05/2026","ANIL TRADERS ","AT/0229/26-27","3594","3594","","","","11/05/2026","11/05/2026","",""
"11/05/2026","N BISWAS&CHOWDHURY","311","6119","","","6119","","11/05/2026","16/05/2026","",""
"11/05/2026","P G ENTERPRISE","2707","318","318","","","","11/05/2026","11/05/2026","",""
"11/05/2026","COOCH BEHAR BAZAAR ( RICE)","","7215","","","7215","","11/05/2026","11/05/2026","",""
"12/05/2026","SOYETA TRADING CO.","GTF13215","1887","1887","","","","12/05/2026","12/05/2026","",""
"12/05/2026","COOCHH BEHAR BAZAAR ( ONLINE PRODUCT)","","148","","","148","","12/05/2026","12/05/2026","",""
"12/05/2026","JOYGURU ENTERPRISE","30","1189","","","1189","","12/05/2026","12/05/2026","",""
"12/05/2026","AALEKHAYA ASSOCIATES ","A260001945","1967","1967","","","","12/05/2026","18/05/2026","",""
"12/05/2026","SUTRADHAR EXPORT & IMPORT","591","600","600","","","","12/05/2026","12/05/2026","",""
"12/05/2026","AMRITA SALES AGENCY","SIT-436","4040","","","4040","","12/05/2026","12/05/2026","",""
"13/05/2026","P G ENTERPRISE","2820","1258","1258","","","","13/05/2026","13/05/2026","",""
"13/05/2026","BRIJ MOHAN & CO.","CASH/01052","10140","","","10140","","13/05/2026","13/05/2026","",""
"13/05/2026","COOCH BEHAR BAZAAR ( ONLINE PRODUT)","","1988","","","1988","","13/05/2026","13/05/2026","",""
"13/05/2026","COOCH BEHAR BAZAAR ( ONLINE PRODUT)","","540","","","540","","13/05/2026","13/05/2026","",""
"13/05/2026","NABHO BAZAAR ","","656","","","656","","13/05/2026","13/05/2026","",""
"14/05/2026","COOCH BEHAR BAZAAR ( GHEE, KINDERJOY, RAFEELO)","","1238","1238","","","","14/05/2026","14/05/2026","",""
"14/05/2026","M/S PAUL & SONS","2029","2491","2491","","","","14/05/2026","14/05/2026","",""
"14/05/2026","SAHA AGENCY ","33421","256","256","","","","14/05/2026","14/05/2026","",""
"14/05/2026","NEW ICE BAR","IB/26-27/2562","814","814","","","","14/05/2026","14/05/2026","",""
"14/05/2026","SARADA FOOD MART","SCP/26-27/1517","1271","1271","","","","14/05/2026","20/05/2026","",""
"14/05/2026","GOURI SANKAR ASSOCIATES ","I/26-27/010443","715","715","","","","14/05/2026","18/05/2026","",""
"14/05/2026","COOCH BEHAR BAZAAR (ONLINE PRODUCT)","","812","","","812","","14/05/2026","14/05/2026","",""
"15/05/2026","P G ENTERPRISE","2933","238","238","","","","15/05/2026","16/05/2026","",""
"15/05/2026","NABHO BAZAAR ","","1245","","","1245","","15/05/2026","15/05/2026","",""
"15/05/2026","COOCH BEHAR BAZAAR (JARU)","","498","498","","","","15/05/2026","15/05/2026","",""
"15/05/2026","COOCH BEHAR BAZAAR ( SALONI, SUGAR FREE, DIM)","","3800","3800","","","","15/05/2026","15/05/2026","",""
"15/05/2026","SANJAY SALES AGENCIES","26-27/SSA-1333","2058","2058","","","","15/05/2026","15/05/2026","",""
"15/05/2026","COOCH BEHAR BAZAAR (ONLINE PRODUCT)","","589","","","589","","15/05/2026","15/05/2026","",""
"16/05/2026","P G ENTERPRISE ","3857","96","96","","","","16/05/2026","16/05/2026","",""
"16/05/2026","COOCH BEHAR BAZAAR (PAMPERS,GILLETTE ,WHISPER)","","1357","1357","","","","16/05/2026","16/05/2026","",""
"16/05/2026","COOCH BEHAR BAZAAR ( ONLINE PRODUT)","","1762","","","1762","","16/05/2026","16/05/2026","",""
"16/05/2026","COOCH BEHAR BAZAAR ( PICKLE,PAPAD,GARLIK PAST)","","1556","1556","","","","16/05/2026","16/05/2026","",""
"16/05/2026","COOCH BEHAR BAZAAR (SUGAR)","","2260","2260","","","","16/05/2026","16/05/2026","",""
"17/05/2026","P G ENTERPRISE","3883","297","297","","","","17/05/2026","17/05/2026","",""
"17/05/2026","COOCH BEHAR BAZAAR (ONLINE PRODUCT)","","3598","","","3598","","17/05/2026","17/05/2026","",""
"17/05/2026","P G ENTERPRISE","","297","297","","","","17/05/2026","17/05/2026","",""
"18/05/2026","COOCH BEHAR BAZAAR (ONLINE PRODUCT)","","793","","","793","","18/05/2026","18/05/2026","",""
"18/05/2026","P G ENTERPRISE","3948","119","119","","","","18/05/2026","18/05/2026","",""
"18/05/2026","GOURI SHANKAR AGENCY","HAL/26-27/00812","1712","","","1712","","18/05/2026","23/05/2026","",""
"18/05/2026","PRAN","91","1462","1462","","","","18/05/2026","18/05/2026","",""
"18/05/2026","JOYGURU ENTERPRISE ","9","893","893","","","","18/05/2026","18/05/2026","",""
"18/05/2026","NABHO BAZAAR ","","1046","","","1046","","18/05/2026","18/05/2026","",""
"18/05/2026","N BISWAS & CHOWDHURY ","370","2118","2118","","","","18/05/2026","18/05/2026","",""
"19/05/2026","P G ENTERPRISE ","4003","1316","1316","","","","19/05/2026","19/05/2026","",""
"19/05/2026","COOCH BEHAR BAZAAR (ONLINE PRODUCT)","","810","","","810","","19/05/2026","19/05/2026","",""
"19/05/2026","COOCH BEHAR BAZAAR (DIM) ","","380","380","","","","19/05/2026","19/05/2026","",""
"19/05/2026","SOYETA TRADING CO","GTF16920","1826","1826","","","","19/05/2026","19/05/2026","",""
"19/05/2026","GOURI SANKAR ASSOCIATES ","I/26-27/011840","2515","","","2515","","19/05/2026","23/05/2026","",""
"19/05/2026","AALEKHYA ASSOCIATES ","A260002298","1102","1102","","","","19/05/2026","25/05/2026","",""
"19/05/2026","AMRITA SALES AGENCY","SIT-512","893","893","","","","19/05/2026","19/05/2026","",""
"20/05/2026","COOCH BEHAR BAZAAR ( KOLKATA PRODACT)","","3120","","","3120","","20/05/2026","20/05/2026","",""
"20/05/2026","DAYAL ENTERPRISE ","DE_012600995","2432","2432","","","","20/05/2026","20/05/2026","",""
"20/05/2026","DAYAL ENTERPRISE ","","1553","1553","","","","20/05/2026","20/05/2026","",""
"20/05/2026","APARNA ENTERPRISE ","R001071","777","777","","","","20/05/2026","01/06/2026","",""
"20/05/2026","APARNA ENTERPRISE ","R001069","3044","","","3044","","20/05/2026","26/05/2026","",""
"20/05/2026","GOURI SHANKAR AGGENCY","FSL426769","7753","","","7753","","20/05/2026","23/05/2026","",""
"20/05/2026","GOURI SANKAR ASSOCIATES","I/26-27/012110","652","652","","","","20/05/2026","25/05/2026","",""
"20/05/2026","NABHO BAZAAR ","","264","","","264","","20/05/2026","20/05/2026","",""
"20/05/2026","COOCH BEHAR BAZAAR ( SATTO)","","1550","1550","","","","20/05/2026","20/05/2026","",""
"20/05/2026","JAISWAL AGENCY","GST001522","4140","4140","","","","20/05/2026","21/05/2026","",""
"21/05/2026","NABHO BAZAAR ","","2775","","","2775","","21/05/2026","21/05/2026","",""
"21/05/2026","P G ENTERPRISE ","4082","127","127","","","","21/05/2026","21/05/2026","",""
"21/05/2026","COOCH BEHAR BAZAAR ( ONLINE PRODUT)","","276","","","276","","21/05/2026","21/05/2026","",""
"20/05/2026","NEW ICE BAR","IB/26-27/2942","2134","2134","","","","21/05/2026","21/05/2026","",""
"21/05/2026","SARADA FOOD MART","SCP/26-27/1737","603","603","","","","21/05/2026","27/05/2026","",""
"21/05/2026","COOCH BEHAR BAZAAR (PAPAD,ROCHER)","36","1600","1600","","","","21/05/2026","21/05/2026","",""
"21/05/2026","COOCH BEHAR BAZAAR (DIM,MURI)","","1300","1300","","","","21/05/2026","21/05/2026","",""
"22/05/2026","P G ENTERPRISE","4129","266","266","","","","22/05/2026","22/05/2026","",""
"22/05/2026","NABHO BAZAAR ","","128","","","128","","22/05/2026","22/05/2026","",""
"22/05/2026","COOCH BEHAR BAZAAR ( ONLINE PRODUCT)","","1474","","","1474","","22/05/2026","22/05/2026","",""
"22/05/2026","SOYETA TRADING CO.","GTF19834","1152","1152","","","","22/05/2026","22/05/2026","",""
"22/05/2026","SUTRADHAR EXPORT AND IMPORT","708","674","674","","","","22/05/2026","22/05/2026","",""
"22/05/2026","LAXMI TRADERS","JJGST2600480","530","530","","","","22/05/2026","22/05/2026","",""
"22/05/2026","LAXMI TRADERS","BOS2600475","1868","1868","","","","22/05/2026","22/05/2026","",""
"23/05/2026","SANJAY SALES AGENCIES","20","9087","9087","","","","23/05/2026","23/05/2026","",""
"23/05/2026","P G ENTERPRISE","4179","562","562","","","","23/05/2026","23/05/2026","",""
"23/05/2026","COOCH BEHAR BAZAAR (SATTO)","A035","230","230","","","","23/05/2026","23/05/2026","",""
"23/05/2026","COOCH BEHAR BAZAAR ( ONLINE PRODUCT)","","3793","","","3793","","23/05/2026","23/05/2026","",""
"23/05/2026","COOCH BEHAR BAZAAR(DIM)","","360","360","","","","23/05/2026","23/05/2026","",""
"24/05/2026","P G ENTERPRISE ","4205","939","939","","","","24/05/2026","24/05/2026","",""
"24/05/2026","NABHO BAZAAR ","","1148","","","1148","","24/05/2026","24/05/2026","",""
"24/05/2026","COOCH BEHAR BAZZAR (ONLINE PRODUCT)","1792","","","","1792","","24/05/2026","24/05/2026","",""
"24/05/2026","COOCH BEHAR BAZZAR (KINDERJOY)  ","","360","360","","","","24/05/2026","24/05/2026","",""
"25/05/2026","P G ENTERPRISE ","4249","187","187","","","","25/05/2026","26/05/2026","",""
"25/05/2026","COOCH BEHAR BAZAAR ( ONLINE PRODUCT)","","286","","","286","","25/05/2026","25/05/2026","",""
"25/05/2026","GOURI SHANKAR AGENCY","FSL427564","5620","","","5620","","25/05/2026","30/05/2026","",""
"25/05/2026","AALEKHYA ASSOCIATES ","A260002611","1356","1356","","","","25/05/2026","01/06/2026","",""
"25/05/2026","GOURI SANKAR ASSOCIATES","I/26-27/013613","605","605","","","","25/05/2026","30/05/2026","",""
"26/05/2026","NABHO BAZAAR ","","652","","","652","","26/05/2026","26/05/2026","",""
"26/05/2026","SOYETA TRADING CO","GTF20924","8424","8424","","","","26/05/2026","26/05/2026","",""
"26/05/2026","JOYGURU ENTERPRISE ","12","2239","","","2239","","26/05/2026","26/05/2026","",""
"26/05/2026","AMRITA SALES AGENCY","SIT-588","1264","1264","","","","26/05/2026","26/05/2026","",""
"27/05/2026","P G ENTERPRISE ","4319","244","244","","","","27/05/2026","27/05/2026","",""
"27/05/2026","COOCH BEHAR BAZZAR (ONLINE PRODUCT)","","1720","","","1720","","27/05/2026","27/05/2026","",""
"29/05/2026","COOCH BEHAR BAZAAR(ONLINE PRODUCT)","","4877","","","4877","","29/05/2026","29/05/2026","",""
"29/05/2026","SARADA FOOD MARD ","SCP/26-27/1986","1207","1207","","","","29/05/2026","03/06/2026","",""
"29/05/2026","SUTRADHAR EXPORT & IMPORT","725","700","700","","","","29/05/2026","29/05/2026","",""
"29/05/2026","COOCH BEHAR BAZZAR ( DIM)","","720","720","","","","29/05/2026","29/05/2026","",""
"30/05/2026","P G ENTERPRISE","4506","1271","1271","","","","30/05/2026","30/05/2026","",""
"30/05/2026","SANJAY SALES AGENCIES","25","5855","5855","","","","30/05/2026","30/05/2026","",""
"30/05/2026","COOCH BEHAR BAZZAR ( ONLINE PRODUCT)","","939","","","939","","30/05/2026","30/05/2026","",""
"30/05/2026","NEW ICE BAR","IB/26-27/3539","2963","2963","","","","30/05/2026","30/05/2026","",""
"30/05/2026","COOCH BEHAR BAZZAR ","6","450","450","","","","30/05/2026","30/05/2026","",""
"30/05/2026","SHARMA & SONS ","9","747","747","","","","30/05/2026","30/05/2026","",""
"30/05/2026","MURLI BHANDAR ","551","9974","","","9974","","30/05/2026","30/05/2026","",""
"31/05/2026","P G ENTERPRISE","3615","190","190","","","","31/05/2026","31/05/2026","",""
"31/05/2026","NABHO BAZAAR ","","3169","","","3169","","31/05/2026","31/05/2026","",""
"01/06/2026","P G ENTERPRISE","9423","307","307","","","","01/06/2026","01/06/2026","",""
"01/06/2026","COOCH BEHAR BAZZAR ( ONLINE PRODUCT)","","1405","","","1405","","01/06/2026","01/06/2026","",""
"01/06/2026","GOURI SANKAR AGENCY  ","HAL/26-27/01037","1025","","","","1025","01/06/2026","","",""
"01/06/2026","GOURI SHANKAR AGENCY","FSL428323","2197","","","","2197","01/06/2026","","",""
"01/06/2026","JOYGURU ENTERPRISE","","1620","1620","","","","01/06/2026","01/06/2026","",""
"01/06/2026","N BISWAS & CHOWDHURY ","496","5959","5959","","","","01/06/2026","03/06/2026","",""
"01/06/2026","COOCH BEHAR BAZAAR (OIL)","","23450","","","23450","","01/06/2026","01/06/2026","",""
"01/06/2026","COOCH BEHAR BAZAAR( GHEE,RAFELO,KINDERJOY)","","4535","4535","","","","01/06/2026","01/06/2026","",""
"01/06/2026","ANIL TRADERS ","AT/0378/26-27","4971","4971","","","","01/06/2026","02/06/2026","",""
"02/06/2026","NYKAA E - RETAIL LIMITED ( SUPER STORE )","NYD006558854","3915","","","3915","","02/06/2026","02/06/2026","",""
"02/06/2026","MAA OSIYA COMMUNICATION ","271","450","450","","","","02/06/2026","02/06/2026","",""
"02/06/2026","APARNA ENTERPRISE ","R001318","1144","","","","1144","02/06/2026","","",""
"02/06/2026","SOYETA TRADING CO","GTF23263","4884","","","4884","","02/06/2026","02/06/2026","",""
"02/06/2026","AALEKHAYA ASSOCIATES ","A260002985","3971","","","","3971","02/06/2026","","",""
"02/06/2026","BALADEB GROCERIES","57","3590","3590","","","","02/06/2026","03/06/2026","",""
"02/06/2026","MURLI BHANDAR ","MB/1417","1771","","","","1771","02/06/2026","","",""
"03/06/2026","P G ENTERPRISE ","9504","556","556","","","","03/06/2026","03/06/2026","",""
"03/06/2026","GOURI SANKAR ASSOCIATES","I/26-27/015689","1867","","","","1867","03/06/2026","","",""
"03/06/2026","SHILPI FOOD AND SPICES ","","658","","","658","","03/06/2026","03/06/2026","",""
"03/06/2026","COOCH BEHAR BAZZAR ( ONLINE PRODUCT)","","1212","","","1212","","03/06/2026","03/06/2026","",""
"03/06/2026","COOCH BEHAR BAZZAR ( MURI , DIM, NOKUL DANA , BATTERY ETC)","NB01","2100","2100","","","","03/06/2026","03/06/2026","",""
"04/06/2026","P G ENTERPRISE ","9562","1010","","","","1010","04/06/2026","","",""